[
  {"id": "prod1", "title": "Red T-Shirt", "description": "Comfortable cotton t-shirt in bright red"},
  {"id": "prod2", "title": "Blue Jeans", "description": "Stylish denim jeans with relaxed fit"},
  {"id": "prod3", "title": "Black Leather Jacket", "description": "Genuine leather jacket with classic style"},
  {"id": "prod4", "title": "White Sneakers", "description": "Comfortable sneakers perfect for daily wear"},
  {"id": "prod5", "title": "Green Hoodie", "description": "Warm hoodie made of organic cotton "}
]